,Wavelength,Intensity,Intensity_1425,Intensity_1285,Intensity_830,Intensity_940,Intensity_1150,Intensity_1535
0,750,0.04139192,1.08457834549e-34,1.33877121704e-19,6.04806897844e-06,2.37899850946e-06,7.17517622599e-12,1.87854574894e-226
1,752,0.036671532,1.72082671514e-34,1.84523616058e-19,1.05778293099e-05,3.00489915422e-06,8.97923402187e-12,2.57797769058e-225
2,754,0.034138149,2.72659029838e-34,2.54026505848e-19,1.82503279055e-05,3.78617297005e-06,1.12254341409e-11,3.514469871e-224
3,756,0.034764887,4.31428832127e-34,3.49291164337e-19,3.10626917633e-05,4.75889165709e-06,1.40192292985e-11,4.75952689767e-223
4,758,0.03692364,6.8171834426e-34,4.7970876402e-19,5.21557026414e-05,5.96686211621e-06,1.74905017878e-11,6.40311110499e-222
5,760,0.039796973,1.07574003204e-33,6.58035302603e-19,8.63890726649e-05,7.46312996217e-06,2.1799048442e-11,8.55739503819e-221
6,762,0.043732332,1.69518154402e-33,9.01575749807e-19,0.00014115950339,9.31173963956e-06,2.71412559725e-11,1.13609700623e-219
7,764,0.049103599,2.6676671151e-33,1.23377719237e-18,0.000227538939493,1.15897872025e-05,3.37582156063e-11,1.49834747752e-218
8,766,0.05284566,4.19231193806e-33,1.68636950868e-18,0.000361822554557,1.43898052865e-05,4.19455758944e-11,1.96305721575e-217
9,768,0.054300578,6.57933620223e-33,2.30223807564e-18,0.000567583601703,1.78225232693e-05,5.20654920979e-11,2.55491623376e-216
10,770,0.059908285,1.03113873998e-32,3.13927391208e-18,0.000878331264239,2.20200490032e-05,6.45611013946e-11,3.30326689494e-215
11,772,0.064095554,1.61383326423e-32,4.27552723647e-18,0.00134085291986,2.71395217004e-05,7.99740373456e-11,4.24261824427e-214
12,774,0.068542513,2.52235817796e-32,5.81609687107e-18,0.00201928788878,3.33672884406e-05,9.89655969822e-11,5.41311852741e-213
13,776,0.070759761,3.93696347742e-32,7.90232838476e-18,0.00299991974899,4.0923659201e-05,1.22342292316e-10,6.86095244703e-212
14,778,0.077059954,6.13652559203e-32,1.07240789429e-17,0.00439658356092,5.00682971196e-05,1.51086658264e-10,8.63862402947e-211
15,780,0.08069998,9.55191058636e-32,1.45360503688e-17,0.00635646008962,6.11063016943e-05,1.86394354687e-10,1.08050810265e-209
16,782,0.083563085,1.48478811311e-31,1.96795119467e-17,0.00906587267726,7.43950425932e-05,2.29718795874e-10,1.34256330877e-208
17,784,0.087996955,2.30486371236e-31,2.66111544645e-17,0.0127555210711,9.03518004596e-05,2.82824771378e-10,1.65716140973e-207
18,786,0.09505438,3.5729961954e-31,3.59413673721e-17,0.0177043950486,0.000109462268304,3.47852793588e-10,2.03197396776e-206
19,788,0.100399622,5.53128953175e-31,4.84849512203e-17,0.0242414323309,0.000132289962497,4.27396226526e-10,2.47511145068e-205
20,790,0.105181145,8.55119411079e-31,6.53282189355e-17,0.0327438513802,0.000159486585761,5.24593624994e-10,2.99498512754e-204
21,792,0.115121146,1.32018159204e-30,8.7917668143e-17,0.0436310376834,0.000191803375595,6.43239152363e-10,3.60012741941e-203
22,794,0.125821439,2.03538755906e-30,1.18177008174e-16,0.0573529315844,0.000230103460009,7.87914459408e-10,4.29896951178e-202
23,796,0.136118616,3.13376981675e-30,1.58661409783e-16,0.0743720922813,0.000275375227991,9.64146007599e-10,5.09957694899e-201
24,798,0.150165263,4.81829743691e-30,2.12760554942e-16,0.0951390204104,0.000328746704555,1.1785925218e-09,6.00934620308e-200
25,800,0.168719156,7.39820997383e-30,2.84965580868e-16,0.12006091518,0.000391500899335,1.43926807513e-09,7.03466776594e-199
26,802,0.188815714,1.13440004592e-29,3.8121957107e-16,0.149464798747,0.000465092073246,1.75580726059e-09,8.18056404567e-198
27,804,0.210532098,1.73705013193e-29,5.09377147199e-16,0.18355680596,0.000551162839757,2.13978001045e-09,9.45031311196e-197
28,806,0.237910995,2.6562258845e-29,6.7980634353e-16,0.222380324923,0.000651561985635,2.60506490851e-09,1.08450719607e-195
29,808,0.27050909,4.05624511731e-29,9.06175792937e-16,0.265776468849,0.00076836286085,3.16829132819e-09,1.23635152618e-194
30,810,0.308115603,6.18571509392e-29,1.2064829471e-15,0.313350932684,0.000903882148646,3.84936245189e-09,1.40015073161e-193
31,812,0.34928727,9.42024438567e-29,1.6043953948e-15,0.364451510492,0.00106069878512,4.67207321615e-09,1.57518259792e-192
32,814,0.397824053,1.43265282708e-28,2.13099834918e-15,0.418160316184,0.0012416727532,5.66483952349e-09,1.76039574405e-191
33,816,0.451489925,2.17583664833e-28,2.82706834291e-15,0.473303999716,0.00144996342942,6.86155770566e-09,1.95439798327e-190
34,818,0.504125454,3.30003198052e-28,3.74602774162e-15,0.528483985745,0.00168904711405,8.30261626557e-09,2.1554551611e-189
35,820,0.558955016,4.99823354268e-28,4.95777894437e-15,0.582127059012,0.00196273332674,1.00360854182e-08,2.36150174632e-188
36,822,0.612363583,7.55999443164e-28,6.55367371823e-15,0.632554632333,0.00227517940226,1.21191139574e-08,2.57016402523e-187
37,824,0.665437948,1.14191280081e-27,8.65294534263e-15,0.678066973981,0.00263090287494,1.46195675617e-08,2.7787962299e-186
38,826,0.712490078,1.72246712642e-27,1.14110233162e-14,0.717036794294,0.00303479109783,1.76179478956e-08,2.98452934009e-185
39,828,0.756942059,2.59463025309e-27,1.50302675945e-14,0.748005152811,0.00349210750498,2.12096378477e-08,3.18433166536e-184
40,830,0.788633753,3.90307186712e-27,1.97738083349e-14,0.769771868351,0.00400849389357,2.55075250626e-08,3.37507967464e-183
41,832,0.809595334,5.86332750816e-27,2.59833662793e-14,0.781472643655,0.00458996807982,3.0645063686e-08,3.55363693217e-182
42,834,0.813587038,8.79606223357e-27,3.41021686859e-14,0.78263600176,0.00524291626935,3.67798430469e-08,3.7169384635e-181
43,836,0.800753158,1.31776803414e-26,4.47043792458e-14,0.773214807071,0.00597407948148,4.4097741995e-08,3.8620774479e-180
44,838,0.771513499,1.97149726205e-26,5.85328440883e-14,0.753589434011,0.00679053337939,5.28177589184e-08,3.98639084982e-179
45,840,0.730557189,2.94550607653e-26,7.65474402649e-14,0.724542286364,0.00769966088603,6.31976202461e-08,4.08754048493e-178
46,842,0.680384489,4.39470980445e-26,9.99869235225e-14,0.687206046295,0.00870911701011,7.55402846597e-08,4.16358608241e-177
47,844,0.623187089,6.54797506751e-26,1.30447940481e-13,0.64299042355,0.00982678536993,9.02014764722e-08,4.21304715772e-176
48,846,0.567383344,9.7429475916e-26,1.69985835975e-13,0.593494004043,0.0110607259846,1.0759839989e-07,4.23495094066e-175
49,848,0.51303199,1.4477055877e-25,2.21243098251e-13,0.540408865151,0.0124191140048,1.28219806355e-07,4.2288641915e-174
50,850,0.462618513,2.14820968252e-25,2.87612803553e-13,0.48542584135,0.0139101691777,1.52637610119e-07,4.19490745147e-173
51,852,0.415267477,3.18331505855e-25,3.73446322363e-13,0.430147712164,0.0155420759826,1.81520272848e-07,4.13375107289e-172
52,854,0.37143059,4.71073975719e-25,4.84316924789e-13,0.376016273305,0.0173228945358,2.15648206706e-07,4.04659321151e-171
53,856,0.332115997,6.9615370072e-25,6.27353886404e-13,0.324257449529,0.0192604625427,2.5593147726e-07,3.93512079044e-170
54,858,0.296287266,1.02737192769e-24,8.11665388829e-13,0.275846566191,0.0213622887701,3.03430123012e-07,3.80145521212e-169
55,860,0.26486592,1.51410776998e-24,1.04887310409e-12,0.231493872478,0.0236354387182,3.59377447728e-07,3.64808525857e-168
56,862,0.238312844,2.22839623706e-24,1.35378706016e-12,0.191648628622,0.026086413394,4.25206685315e-07,3.47779014282e-167
57,864,0.215851227,3.27517552259e-24,1.74525646687e-12,0.156518699243,0.0287210223052,5.02581485155e-07,3.29355602968e-166
58,866,0.19690717,4.80710133867e-24,2.24724095334e-12,0.126101729274,0.0315442520248,5.93430718943e-07,3.0984895158e-165
59,868,0.180534198,7.04593302188e-24,2.89015751897e-12,0.100223635579,0.0345601318935,6.9998816853e-07,2.89573154453e-164
60,870,0.16579946,1.03133623908e-23,3.71257190125e-12,0.0785802780238,0.0377715986405,8.24837718471e-07,2.68837503901e-163
61,872,0.154389888,1.50753908585e-23,4.76331959092e-12,0.0607786805414,0.0411803618991,9.70964747331e-07,2.47938918716e-162
62,874,0.144187586,2.20061170369e-23,6.1041620776e-12,0.0463749305642,0.04478677277,1.14181448871e-06,2.27155283391e-161
63,876,0.132804143,3.20792931843e-23,7.81310893374e-12,0.0349067628275,0.0485896977319,1.34135821677e-06,2.06739886392e-160
64,878,0.123720545,4.66995502442e-23,9.98856706974e-12,0.0259197122693,0.0525864003138,1.57416820243e-06,1.86917083156e-159
65,880,0.117054919,6.78902081267e-23,1.27545161588e-11,0.018986507068,0.0567724330204,1.84550248523e-06,1.67879245366e-158
66,882,0.112063105,9.85616844318e-23,1.62669553354e-11,0.0137200050907,0.0611415420318,2.16140061329e-06,1.49784996161e-157
67,884,0.10895071,1.42894538075e-22,2.07219226246e-11,0.0097804259182,0.0656855871827,2.52879161936e-06,1.3275867463e-156
68,886,0.107943722,2.06885320059e-22,2.63654573258e-11,0.00687789531476,0.0703944796568,2.95561562573e-06,1.1689092481e-155
69,888,0.106025898,2.99123309455e-22,3.35059593763e-11,0.00477142006942,0.0752561397057,3.45096060439e-06,1.02240266402e-154
70,890,0.106298886,4.31894201717e-22,4.25295016696e-11,0.00326538236275,0.0802564765244,4.02521596224e-06,8.88354775616e-154
71,892,0.10635331,6.22746112153e-22,5.39187751557e-11,0.00220452348886,0.0853793921729,4.69024477369e-06,7.66786046864e-153
72,894,0.107233338,8.96708344229e-22,6.82764967762e-11,0.00146821520212,0.090606811145,5.45957664581e-06,6.57484096993e-152
73,896,0.109031551,1.28943048031e-21,8.63542922118e-11,0.000964626082487,0.0959187368366,6.34862337306e-06,5.60040706935e-151
74,898,0.114076048,1.85161712175e-21,1.09088285408e-10,0.000625205201932,0.101293335775,7.37491972089e-06,4.73889655611e-150
75,900,0.116362776,2.65528400156e-21,1.3764289243e-10,0.000399742627922,0.106707050031,8.55839186844e-06,3.98343883899e-149
76,902,0.11841213,3.80257076077e-21,1.73464637334e-10,0.000252134712882,0.112134737769,9.92165624134e-06,3.32630730359e-148
77,904,0.119772206,5.43813725825e-21,2.18348193044e-10,0.000156884167792,0.117549841387,1.14903516743e-05,2.75924253626e-147
78,906,0.12367283,7.76657535509e-21,2.74517313197e-10,9.62985821922e-05,0.122924582186,1.32935080602e-05,2.27373933335e-146
79,908,0.128227092,1.10768300025e-20,3.44723876355e-10,5.83116010469e-05,0.128230179993,1.53639548669e-05,1.86129308596e-145
80,910,0.133750074,1.57764016975e-20,4.32368929293e-10,3.4832475225e-05,0.133437095629,1.77387731319e-05,1.51360357445e-144
81,912,0.138847612,2.24391786227e-20,5.41650411727e-10,2.05261739957e-05,0.138515293643,2.04597947807e-05,1.22273633062e-143
82,914,0.145249227,3.18722329202e-20,6.77743194766e-10,1.1932349715e-05,0.143434522228,2.35741533519e-05,9.81243469272e-143
83,916,0.148722905,4.52089645555e-20,8.47018197802e-10,6.84286919964e-06,0.148164606838,2.71348904508e-05,7.82247228911e-142
84,918,0.15251357,6.40387969964e-20,1.05730869617e-09,3.87119280656e-06,0.152675753632,3.12016224924e-05,6.19490396993e-141
85,920,0.157810904,9.05875062573e-20,1.31823353316e-09,2.16045718321e-06,0.156938858557,3.58412725263e-05,4.87358354081e-140
86,922,0.163015472,1.27967586361e-19,1.64158884923e-09,1.18943530036e-06,0.160925817658,4.11288721691e-05,3.80877697007e-139
87,924,0.16617647,1.80525346748e-19,2.04182219077e-09,6.4599667303e-07,0.16460983401,4.71484388831e-05,2.95696348275e-138
88,926,0.170723845,2.54321415386e-19,2.53660551965e-09,3.46109912312e-07,0.167965716627,5.39939340505e-05,2.28049787071e-137
89,928,0.17242897,3.57794953542e-19,3.147526784e-09,1.82933014665e-07,0.170970166691,6.17703074768e-05,1.74717606725e-136
90,930,0.171616751,5.02680484089e-19,3.90092340846e-09,9.5381564939e-08,0.173602046574,7.05946341291e-05,1.32974070827e-135
91,932,0.17122317,7.05271563231e-19,4.82888541285e-09,4.90604010482e-08,0.175842627298,8.05973490507e-05,1.00535755916e-134
92,934,0.173510061,9.88159970103e-19,5.97046097657e-09,2.48938485221e-08,0.177675810395,9.19235865081e-05,7.55087745767e-134
93,936,0.174110992,1.3826258593e-18,7.37310325472e-09,1.24608391268e-08,0.179088320497,0.000104734629495,5.63375021821e-133
94,938,0.176203786,1.9319177314e-18,9.09440426005e-09,6.15314052988e-09,0.180069865414,0.000119209475749,4.17562072777e-132
95,940,0.179229154,2.69574691364e-18,1.12041698114e-08,2.99737221248e-09,0.180613261022,0.000135546526423,3.07445253646e-131
96,942,0.181509569,3.75643726012e-18,1.37868990968e-08,1.44038575546e-09,0.180714518828,0.000153965403462,2.24873268298e-130
97,944,0.183693963,5.22732734813e-18,1.69447435116e-08,6.82827898558e-10,0.180372894719,0.000174708901611,1.63392140525e-129
98,946,0.183807197,7.26423341095e-18,2.08010323469e-08,3.19328730315e-10,0.17959089807,0.000198045080773,1.17936377453e-128
99,948,0.183140526,1.0081065068e-17,2.55044678799e-08,1.47319090695e-10,0.178374261052,0.000224269504123,8.45644242746e-128
100,950,0.180898503,1.3971067161e-17,3.12341097604e-08,6.70462300804e-11,0.176731868654,0.000253707627039,6.02352754014e-127
101,952,0.176850594,1.93356723295e-17,3.82052886256e-08,3.01012128498e-11,0.174675650632,0.00028671734143,4.26223504203e-126
102,954,0.172538077,2.67236336801e-17,4.66766119945e-08,1.33317734342e-11,0.172220437209,0.000323691679452,2.99603706234e-125
103,956,0.169588288,3.68840223933e-17,5.69582521019e-08,5.82486886222e-12,0.169383780977,0.000365061679964,2.09208949523e-124
104,958,0.16303542,5.08378972439e-17,6.94217359203e-08,2.51060667038e-12,0.166185747985,0.000411299420226,1.4512312688e-123
105,960,0.158096437,6.99750819563e-17,8.45114926892e-08,1.06749414699e-12,0.162648681493,0.000462921214451,1.00003750279e-122
106,962,0.153764861,9.6184654093e-17,1.02758454426e-07,4.47761372121e-13,0.158796942285,0.000520490979757,6.84572166902e-122
107,964,0.147067382,1.32030629532e-16,1.2479605076e-07,1.85277228291e-13,0.15465662975,0.000584623768848,4.65527648667e-121
108,966,0.13950022,1.80988147755e-16,1.51378991739e-07,7.56295930702e-14,0.150255288196,0.000655989467434,3.1448143526e-120
109,968,0.133972477,2.4776052451e-16,1.83405291758e-07,3.04548019989e-14,0.145621603005,0.000735316652884,2.11041486486e-119
110,970,0.127520781,3.38704231894e-16,2.21942055345e-07,1.2098014343e-14,0.140785091289,0.00082339660897,1.40690234227e-118
111,972,0.119585952,4.62397703976e-16,2.68255622114e-07,4.74096455001e-15,0.135775791692,0.000921087489724,9.31715583326e-118
112,974,0.113414291,6.30401517385e-16,3.23846754787e-07,1.83279385029e-15,0.130623957827,0.0010293186235,6.12951422268e-117
113,976,0.108880453,8.58272832261e-16,3.90491651896e-07,6.98964032241e-16,0.12535975967,0.00114909494613,4.00582567744e-116
114,978,0.103218484,1.16691713276e-15,4.70289676777e-07,2.62960390115e-16,0.120012996923,0.00128150154992,2.60064651585e-115
115,980,0.097535136,1.58438674973e-15,5.65718818074e-07,9.75933308696e-17,0.11461282802,0.00142770833248,1.67723492636e-114
116,982,0.09460629,2.14827028895e-15,6.79700035472e-07,3.57309237617e-17,0.109187518051,0.00158897472724,1.07455774794e-113
117,984,0.090541817,2.90886239561e-15,8.15671799296e-07,1.29051377901e-17,0.103764208397,0.00176665449426,6.83894188942e-113
118,986,0.086537561,3.93336244983e-15,9.77676305447e-07,4.59806753435e-18,0.0983687104392,0.00196220054744,4.32385735773e-112
119,988,0.083401905,5.31142792311e-15,1.17045903947e-06,1.6161525195e-18,0.0930253251238,0.00217716979107,2.71567062281e-111
120,990,0.07981774,7.16250853105e-15,1.39958357715e-06,5.60381306753e-19,0.087756689707,0.00241322793557,1.69436168227e-110
121,992,0.075320232,9.64551780305e-15,1.67156374544e-06,1.91681073858e-19,0.082583652447,0.00267215425905,1.05016717545e-109
122,994,0.072254231,1.2971567996e-14,1.99401552883e-06,6.46798681681e-20,0.0775251755192,0.00295584627816,6.46597541608e-109
123,996,0.082585214,1.74207136022e-14,2.37583139408e-06,2.15304603861e-20,0.0725982659415,0.00326632428833,3.95487671359e-108
124,998,0.094026541,2.33639323616e-14,2.82738002222e-06,7.07020172229e-21,0.0678179338444,0.00360573573012,2.40300758383e-107
125,1000,0.108069327,3.12919389642e-14,3.36073478318e-06,2.29036443673e-21,0.0631971770067,0.00397635933516,1.45044285949e-106
126,1002,0.118322673,4.18528988197e-14,3.98993466693e-06,7.31933586775e-22,0.0587469902081,0.00438060900199,8.69699856545e-106
127,1004,0.129432402,5.59017170198e-14,4.73128179662e-06,2.30745403909e-22,0.054476397636,0.00482103734876,5.18037815913e-105
128,1006,0.12706015,7.45643585648e-14,5.60368009677e-06,7.17610426813e-23,0.0503925063155,0.00530033888675,3.06532706726e-104
129,1008,0.125484826,9.93216578051e-14,6.62902017362e-06,2.20160153572e-23,0.0465005783303,0.00582135275595,1.80183686285e-103
130,1010,0.119566036,1.32118358261e-13,7.83261598637e-06,6.66320226613e-24,0.0428041194476,0.00638706496103,1.05214938682e-102
131,1012,0.120658738,1.75504764842e-13,9.24369944913e-06,1.98939751989e-24,0.0393049816671,0.00700061004376,6.10327075006e-102
132,1014,0.119397043,2.32820485234e-13,1.08959797037e-05,5.85941752571e-25,0.0360034771751,0.00766527212584,3.51699019372e-101
133,1016,0.114553403,3.08432407038e-13,1.28282744433e-05,1.70247842674e-25,0.0328985011914,0.0083844852542,2.01327439245e-100
134,1018,0.111421855,4.08042454348e-13,1.50852213471e-05,4.8798119607e-26,0.0299876612555,0.00916183297974,1.14487500262e-99
135,1020,0.109720726,5.39084982905e-13,1.77180784046e-05,1.37980862418e-26,0.0272674105948,0.0100010470993,6.46750044958e-99
136,1022,0.104602964,7.11239145871e-13,2.07856226622e-05,3.84883170213e-27,0.0247331833506,0.0109060054908,3.62942773206e-98
137,1024,0.099771002,9.37088491609e-13,2.43551577199e-05,1.05909101901e-27,0.0223795296041,0.0118807289703,2.02331327143e-97
138,1026,0.098635533,1.23296881361e-12,2.8503641123e-05,2.87496093301e-28,0.020200248327,0.0129293771035,1.12049880638e-96
139,1028,0.099883785,1.62005632529e-12,3.33189436516e-05,7.69883315587e-29,0.0181885165926,0.0140562429016,6.16428851628e-96
140,1030,0.101991739,2.1257621565e-12,3.89012533791e-05,2.03381837394e-29,0.016337013597,0.0152657463373,3.36882000841e-95
141,1032,0.10544021,2.78551667996e-12,4.53646382678e-05,5.30021788434e-30,0.0146380382647,0.0165624266171,1.82892522293e-94
142,1034,0.109131082,3.64504916344e-12,5.28387819666e-05,1.36260374423e-30,0.0130836194386,0.0179509331525,9.86364383672e-94
143,1036,0.113878659,4.76329580186e-12,6.14709083811e-05,3.45572942451e-31,0.0116656178747,0.0194360151731,5.28447814258e-93
144,1038,0.111474293,6.21610366932e-12,7.14279114759e-05,8.64578003261e-32,0.0103758194745,0.0210225099355,2.81248439181e-92
145,1040,0.109502874,8.10094120866e-12,8.28987076429e-05,2.13384530229e-32,0.00920601939098,0.0227153294823,1.48696733125e-91
146,1042,0.110951685,1.0542879597e-11,9.60968288021e-05,5.19536397262e-33,0.00814809682896,0.0245194459184,7.8097300884e-91
147,1044,0.109967393,1.37021762036e-11,0.000111263275188,1.24785270227e-33,0.00719408053154,0.026439875175,4.0746838036e-90
148,1046,0.108083541,1.77838744706e-11,0.000128669647491,2.95668438291e-34,0.00633620509621,0.0284816592443,2.11190847363e-89
149,1048,0.10947417,2.30499376626e-11,0.000148621578661,6.91100025599e-35,0.00556695839433,0.0306498468752,1.08737555011e-88
150,1050,0.114962241,2.98345616368e-11,0.000171462486177,1.59357001313e-35,0.00487912048047,0.0329494727327,5.56169700855e-88
151,1052,0.11462146,3.85634696767e-11,0.000197577666019,3.62489713357e-36,0.00426579446867,0.0353855350349,2.82591034155e-87
152,1054,0.119907756,4.97781872951e-11,0.000227398749771,8.13419393904e-37,0.00372042992477,0.0379629716929,1.42637173112e-86
153,1056,0.124939692,6.41665349936e-11,0.000261408546347,1.80064316572e-37,0.00323683937675,0.0406866349922,7.15204698032e-86
154,1058,0.12662331,8.26008722251e-11,0.000300146289693,3.93219538648e-38,0.00280920858038,0.0435612648706,3.56247056984e-85
155,1060,0.130762188,1.06185988303e-10,0.000344213313369,8.47104170224e-39,0.00243210119678,0.0465914608557,1.76276940048e-84
156,1062,0.135553293,1.36318980234e-10,0.000394279172257,1.80025011899e-39,0.00210045854345,0.0497816527477,8.66488916837e-84
157,1064,0.13487472,1.7476400091e-10,0.000451088230667,3.7741849194e-40,0.00180959507206,0.0531360701405,4.23110508982e-83
158,1066,0.1340451,2.23745424724e-10,0.000515466734734,7.80562709988e-41,0.00155519020811,0.0566587108963,2.05242787105e-82
159,1068,0.136373229,2.86063786606e-10,0.00058833038533,1.59252670129e-41,0.0013332771591,0.0603533086986,9.89020482845e-82
160,1070,0.13394025,3.65239834761e-10,0.000670692425553,3.20523549702e-42,0.00114022926334,0.0642232998284,4.73441103066e-81
161,1072,0.133859873,4.6569323281e-10,0.000763672254307,6.36396031784e-43,0.000972744410658,0.0682717893205,2.25138580994e-80
162,1074,0.134975179,5.92963896307e-10,0.000868504574396,1.24649138214e-43,0.000827828021728,0.072501516674,1.06354820869e-79
163,1076,0.138395422,7.53985702338e-10,0.000986549080002,2.40849304038e-44,0.00070277502575,0.0769148213038,4.99100181265e-79
164,1078,0.142408043,9.57424429216e-10,0.00111930068425,4.59087860763e-45,0.000595151228111,0.0815136079351,2.32670630062e-78
165,1080,0.144859582,1.21409433715e-09,0.00126840028289,8.63257819546e-46,0.000502774411314,0.0862993121552,1.07750351446e-77
166,1082,0.144477662,1.53747087405e-09,0.00143564604479,1.60132517268e-46,0.000423695465333,0.0912728663488,4.95700224946e-77
167,1084,0.147906551,1.94432068206e-09,0.00162300521398,2.93030508489e-47,0.000356179798065,0.0964346662545,2.26538921069e-76
168,1086,0.150461587,2.45547450567e-09,0.00183262640142,5.28981452497e-48,0.000298689233562,0.101784538389,1.02846574372e-75
169,1088,0.150580623,3.09677389786e-09,0.00206685233739,9.42024827485e-49,0.000249864565605,0.107321708593,4.6383137769e-75
170,1090,0.151903095,3.90022894449e-09,0.00232823304755,1.65492589412e-49,0.00020850889742,0.113044771964,2.07803907715e-74
171,1092,0.156397027,4.90543176581e-09,0.00261953940713,2.86806540977e-50,0.000173571865015,0.11895166443,9.24848478817e-74
172,1094,0.159120578,6.16127952141e-09,0.00294377701841,4.90336079481e-51,0.000144134811946,0.125039636253,4.08894015346e-73
173,1096,0.161148806,7.72807129354e-09,0.00330420034711,8.26976078246e-52,0.000119396957285,0.131305227707,1.79586717705e-72
174,1098,0.165766312,9.68005584118e-09,0.00370432704251,1.37589832457e-52,9.86625760561e-05,0.137744247211,7.83539622255e-72
175,1100,0.16989252,1.210852214e-08,0.00414795235555,2.2582604821e-53,8.13291923531e-05,0.144351752181,3.39602597997e-71
176,1102,0.176417584,1.51255422365e-08,0.00463916355743,3.65641957938e-54,6.68767694849e-05,0.151122032849,1.46219177375e-70
177,1104,0.183271454,1.8868496689e-08,0.00518235424952,5.84026179289e-55,5.48578686668e-05,0.158048599297,6.25404439312e-70
178,1106,0.189794591,2.35055372579e-08,0.00578223844331,9.20243804706e-56,4.48887376453e-05,0.165124171951,2.65730175444e-69
179,1108,0.193645874,2.92421701109e-08,0.00644386427636,1.43043387973e-56,3.66412829936e-05,0.172340675741,1.12161570062e-68
180,1110,0.198148811,3.63291763015e-08,0.00717262721816,2.19344612283e-57,2.98358743444e-05,0.179689238147,4.70295233272e-68
181,1112,0.202397189,4.50721253978e-08,0.00797428260679,3.31803110554e-58,2.42349252466e-05,0.187160191305,1.95893653013e-67
182,1114,0.210735699,5.58427837425e-08,0.00885495734541,4.9514025149e-59,1.96371933923e-05,0.194743078343,8.10575446601e-67
183,1116,0.218621401,6.90927718707e-08,0.009821160575,7.28903962001e-60,1.58727423815e-05,0.202426664089,3.3318835526e-66
184,1118,0.22964827,8.53698871825e-08,0.0108797931287,1.05853856977e-60,1.27985077481e-05,0.210198950263,1.36053424084e-65
185,1120,0.239846153,1.05337579272e-07,0.0120381555619,1.51648235396e-61,1.02944114314e-05,0.218047195237,5.51889878067e-65
186,1122,0.245485966,1.29798147709e-07,0.0133039545421,2.14319818833e-62,8.25997104564e-06,0.225957938429,2.22391750278e-64
187,1124,0.250494851,1.5972032708e-07,0.0146853073739,2.98800695444e-63,6.61135300067e-06,0.233917029346,8.90242262926e-64
188,1126,0.258476823,1.96272033362e-07,0.0161907444266,4.10955855177e-64,5.27882159841e-06,0.241909661281,3.54014486619e-63
189,1128,0.267738397,2.40859171132e-07,0.0178292092255,5.57574674128e-65,4.20453954474e-06,0.249920409608,1.39848287148e-62
190,1130,0.276186447,2.95171544718e-07,0.0196100559644,7.46285844571e-66,3.34067875886e-06,0.257933274612,5.48803105303e-62
191,1132,0.2867283,3.61237080401e-07,0.0215430441931,9.85375289199e-67,2.64780383956e-06,0.265931728742,2.13943580518e-61
192,1134,0.294692303,4.41485753697e-07,0.0236383304343,1.28348981913e-67,2.09349398387e-06,0.273898768121,8.28524300381e-61
193,1136,0.30413781,5.38824828175e-07,0.0259064564864,1.64921580192e-68,1.6511724907e-06,0.281816968162,3.18738506033e-60
194,1138,0.310810948,6.56727253106e-07,0.0283583341738,2.09053212006e-69,1.29911617294e-06,0.289668543041,1.21811167558e-59
195,1140,0.321357673,7.99335339645e-07,0.0310052263133,2.61414997801e-70,1.0196200151e-06,0.297435408793,4.62448068942e-59
196,1142,0.334250096,9.71582142429e-07,0.0338587236758,3.22476783774e-71,7.98295226559e-07,0.305099249737,1.74406282779e-58
197,1144,0.344958503,1.17933331907e-06,0.0369307177386,3.92428649171e-72,6.23481440901e-07,0.312641587912,6.53408188159e-58
198,1146,0.355619609,1.42955262768e-06,0.040233369038,4.7110450286e-73,4.85756192895e-07,0.320043855173,2.43181375364e-57
199,1148,0.368619492,1.73049465635e-06,0.0437790709549,5.57915083918e-74,3.7752696743e-07,0.327287467579,8.99082075366e-57
200,1150,0.382286924,2.09192886193e-06,0.0475804087899,6.51798338916e-75,2.92693063719e-07,0.334353901651,3.30211093662e-56
201,1152,0.394699578,2.52539953399e-06,0.0516501140131,7.51195008631e-76,2.26366261985e-07,0.341224772092,1.2047786727e-55
202,1154,0.406739371,3.04452689566e-06,0.0560010136032,8.54056172722e-77,1.74640829621e-07,0.347881910508,4.36662778071e-55
203,1156,0.419298497,3.66535521295e-06,0.0606459744307,9.57887434792e-78,1.34404772448e-07,0.354307444677,1.57220208224e-54
204,1158,0.431181203,4.40675450996e-06,0.065597842674,1.0598314796e-78,1.03185437942e-07,0.360483877869,5.62333364531e-54
205,1160,0.43806089,5.29088328518e-06,0.0708693783018,1.15678713941e-79,7.90236256088e-08,0.366394167757,1.99803286706e-53
206,1162,0.450357933,6.34372049633e-06,0.0764731847023,1.24555923635e-80,6.03712695092e-08,0.372021804394,7.05236359886e-53
207,1164,0.463699186,7.59567603249e-06,0.0824216335849,1.32302977916e-81,4.60085433286e-08,0.377350886783,2.4728060435e-52
208,1166,0.473956596,9.08228992507e-06,0.088726785335,1.38633807364e-82,3.49769129293e-08,0.382366197532,8.61328272689e-52
209,1168,0.486224609,1.08450316662e-05,0.0954003050535,1.43305539965e-83,2.65252378055e-08,0.387053275108,2.98037315965e-51
210,1170,0.500448136,1.29322122066e-05,0.10245337457,1.46133944543e-84,2.00665131528e-08,0.391398483214,1.02446205079e-50
211,1172,0.508142865,1.54000224955e-05,0.109896600773,1.47005482782e-85,1.51432593286e-08,0.39538907682,3.49819809077e-50
212,1174,0.516452875,1.83137138008e-05,0.117739920666,1.45884871203e-86,1.13999152588e-08,0.399013264401,1.18663242831e-49
213,1176,0.525928516,2.17489365113e-05,0.125992503604,1.4281745116e-87,8.56088580606e-09,0.40226026596,3.99863090131e-49
214,1178,0.533894453,2.57932556652e-05,0.134662651237,1.37926144975e-88,6.41313825687e-09,0.405120366437,1.33853494686e-48
215,1180,0.544769533,3.05478630707e-05,0.143757695731,1.31403283007e-89,4.79244700428e-09,0.407584964126,4.45114151482e-48
216,1182,0.556945841,3.61295075736e-05,0.153283896909,1.23498059018e-90,3.57255442077e-09,0.409646613774,1.47040300231e-47
217,1184,0.570556013,4.2672666779e-05,0.163246338989,1.14500753906e-91,2.65665527764e-09,0.411299064053,4.82530367937e-47
218,1186,0.582529971,5.03319853295e-05,0.173648827659,1.04725118045e-92,1.97072658073e-09,0.412537289135,1.57302712611e-46
219,1188,0.592458218,5.92850066776e-05,0.184493788273,9.44903959941e-94,1.45831842004e-09,0.413357514166,5.09414220365e-46
220,1190,0.601858323,6.97352271314e-05,0.195782165994,8.41044117649e-95,1.07649784859e-09,0.413757234434,1.63881227275e-45
221,1192,0.608603135,8.19155027923e-05,0.207513328737,7.38489261259e-96,7.92699873148e-10,0.413735228117,5.23733847712e-45
222,1194,0.61663073,9.60918418066e-05,0.21968497381,6.39681644996e-97,5.82289862012e-10,0.413291562501,1.66270563273e-44
223,1196,0.623398791,0.000112567616095,0.232293039172,5.46610402241e-98,4.26682161735e-10,0.412427593641,5.24376698619e-44
224,1198,0.630642326,0.000131688228358,0.245331620218,4.60772120078e-99,3.11892234825e-10,0.411145959454,1.64283782321e-43
225,1200,0.637304292,0.00015384627168,0.258792893052,3.83167612223e-100,2.27425655692e-10,0.409450566298,5.11292347115e-43
226,1202,0.646638779,0.000179487220343,0.272667045171,3.14329896819e-101,1.65428056069e-10,0.407346569139,1.58076453138e-42
227,1204,0.651825806,0.000209115691591,0.286942214486,2.54376440232e-102,1.20036602585e-10,0.404840345431,4.8549902761e-42
228,1206,0.658718131,0.000243302318879,0.301604437588,2.03077766879e-103,8.6886647682e-11,0.401939462915,1.48126525896e-41
229,1208,0.667564298,0.000282691277601,0.316637608135,1.59934505112e-104,6.27374995081e-11,0.398652641548,4.48952713804e-41
230,1210,0.674258577,0.000328008504363,0.332023446195,1.24255682944e-105,4.51893596173e-11,0.394989709832,1.35173530259e-40
231,1212,0.679155851,0.000380070650452,0.347741479321,9.52323823167e-107,3.24698278667e-11,0.390961555862,4.04302104956e-40
232,1214,0.686417198,0.0004397948092,0.363769036098,7.20024600416e-108,2.32733340605e-11,0.386580073417,1.20127832173e-39
233,1216,0.693583178,0.000508209055337,0.380081252796,5.37037137194e-109,1.66407171228e-11,0.381858103479,3.5457210727e-39
234,1218,0.698752173,0.000586463832179,0.396651093717,3.951441907e-110,1.18691683669e-11,0.376809371577,1.03965390273e-38
235,1220,0.704578118,0.0006758442194,0.413449385704,2.8681455184e-111,8.44507207712e-12,0.371448421389,3.02828188824e-38
236,1222,0.711331245,0.000777783110223,0.430444867208,2.0537191871e-112,5.99406224203e-12,0.36579054504,8.76248123997e-38
237,1224,0.717381381,0.000893875321984,0.447604252169,1.45069207092e-113,4.24398610946e-12,0.359851710575,2.51872756086e-37
238,1226,0.720595156,0.00102589265809,0.4648923089,1.01088956192e-114,2.99751577227e-12,0.353648487083,7.19214738859e-37
239,1228,0.72513173,0.00117579993241,0.482271953982,6.9490667795e-116,2.1119509027e-12,0.347197967957,2.04013663391e-36
240,1230,0.728846624,0.00134577195884,0.499704361113,4.71241528884e-117,1.48436592548e-12,0.340517692795,5.74887970426e-36
241,1232,0.733608353,0.00153821149947,0.51714908467,3.15249876849e-118,1.04071772785e-12,0.333625568424,1.60927579443e-35
242,1234,0.736886668,0.00175576815377,0.534564197649,2.08046585743e-119,7.2787993295e-13,0.326539789563,4.47508231365e-35
243,1236,0.743886938,0.00200135815925,0.551906443492,1.35444245563e-120,5.07833513581e-13,0.319278759586,1.23621744605e-34
244,1238,0.749265287,0.00227818506046,0.569131401182,8.69870939222e-122,3.53441699863e-13,0.311861011891,3.39243862782e-34
245,1240,0.755025137,0.00258976118793,0.586193662849,5.51116462197e-123,2.45385577872e-13,0.304305132304,9.24809797782e-34
246,1242,0.759266362,0.00293992987267,0.603047023004,3.44450043357e-124,1.6994762465e-13,0.296629683,2.50447174192e-33
247,1244,0.763728555,0.00333288830354,0.619644678392,2.12375004835e-125,1.17412944954e-13,0.288853128339,6.73756767968e-33
248,1246,0.76626186,0.00377321091571,0.635939437317,1.2917392557e-126,8.09192187584e-14,0.280993763023,1.80058420775e-32
249,1248,0.771482149,0.004265873178,0.651883937216,7.75069437529e-128,5.56316830296e-14,0.273069642965,4.78021052737e-32
250,1250,0.77767547,0.00481627562464,0.667430869107,4.5877597256e-129,3.81528982449e-14,0.265098519193,1.26067721128e-31
251,1252,0.782128652,0.00543026795446,0.68253320748,2.67889082655e-130,2.61016335005e-14,0.257097775121,3.30281365819e-31
252,1254,0.78642037,0.00611417299633,0.697144444097,1.54313408348e-131,1.78132292885e-14,0.249084367465,8.59582435344e-31
253,1256,0.792661567,0.006874810315,0.7112188241,8.76893014613e-133,1.21269740025e-14,0.241074771049,2.22235934892e-30
254,1258,0.795874533,0.00771951920617,0.724711582776,4.91568285063e-134,8.23563428038e-15,0.233084927727,5.70774191351e-30
255,1260,0.798549504,0.00865618080419,0.737579181279,2.71841274943e-135,5.57925840669e-15,0.22513019959,1.45625577827e-29
256,1262,0.802267448,0.00969323899986,0.749779539578,1.4830003022e-136,3.77042857351e-15,0.217225326601,3.69091706715e-29
257,1264,0.807797886,0.0108397198409,0.761272264907,7.98107475747e-138,2.54179064628e-15,0.209384388776,9.29296290262e-29
258,1266,0.812916335,0.0121052490625,0.772018873986,4.23716929227e-139,1.70932110166e-15,0.201620772975,2.32432798479e-28
259,1268,0.818026587,0.0135000673727,0.781983007294,2.21913923385e-140,1.14668029268e-15,0.193947144341,5.77515852605e-28
260,1270,0.823508386,0.015035043094,0.791130633749,1.1465357088e-141,7.67354175878e-16,0.186375422393,1.42545561797e-27
261,1272,0.830273168,0.0167216817444,0.799430244169,5.84365969815e-143,5.12252622875e-16,0.178916761744,3.49515774354e-27
262,1274,0.837145793,0.0185721321214,0.80685303198,2.93816747613e-144,3.41120122056e-16,0.171581537381,8.51340224149e-27
263,1276,0.841293233,0.0205991884405,0.813373059724,1.4573453348e-145,2.26602816605e-16,0.164379334423,2.05997911313e-26
264,1278,0.845691006,0.0228162880655,0.818967410023,7.13087299053e-147,1.50161323245e-16,0.157318942229,4.95160247763e-26
265,1280,0.84853067,0.0252375043649,0.823616319759,3.44205040251e-148,9.92626093318e-17,0.150408352724,1.18236623056e-25
266,1282,0.850972898,0.027877534223,0.827303296386,1.63902677372e-149,6.54557955645e-17,0.14365476277,2.80466861312e-25
267,1284,0.851991116,0.0307516797383,0.830015215399,7.69926323787e-151,4.30571561251e-17,0.137064580396,6.60897916131e-25
268,1286,0.853653142,0.0338758236518,0.831742398172,3.56784999708e-152,2.82538344103e-17,0.130643434675,1.54707191372e-24
269,1288,0.857608273,0.0372663980599,0.832478669502,1.63101630957e-153,1.84945712161e-17,0.124396189041,3.59757546118e-24
270,1290,0.859899485,0.0409403459903,0.832221394395,7.35536652228e-155,1.20766354316e-17,0.118326957784,8.31060448263e-24
271,1292,0.861799377,0.0449150754449,0.830971493772,3.2722361017e-156,7.86651658911e-18,0.1124391255,1.90712257363e-23
272,1294,0.865601317,0.0492084055537,0.828733438982,1.43608201389e-157,5.11156381787e-18,0.106735369226,4.3475830877e-23
273,1296,0.869780658,0.0538385045221,0.82551522515,6.21739059972e-159,3.31329366019e-18,0.101217682994,9.84556096612e-23
274,1298,0.871828152,0.0588238191092,0.821328323594,2.65540861332e-160,2.14240162634e-18,0.0958874045541,2.21491126553e-22
275,1300,0.874564791,0.0641829954325,0.816187613705,1.11879074522e-161,1.38190015928e-18,0.0907452439717,4.94988933527e-22
276,1302,0.875825849,0.0699347909612,0.810111294853,4.65008261551e-163,8.89175037912e-19,0.0857913138596,1.09889940473e-21
277,1304,0.876861835,0.0760979776368,0.803120779046,1.90663152974e-164,5.707325935e-19,0.0810251609587,2.42350364866e-21
278,1306,0.875047827,0.0826912361418,0.795240565245,7.71200265724e-166,3.65437327032e-19,0.0764457988163,5.30948879778e-21
279,1308,0.874739526,0.0897330414271,0.786498096343,3.07724353944e-167,2.33414565808e-19,0.0720517413056,1.15554012611e-20
280,1310,0.874815288,0.0972415397071,0.776923599992,1.21129762232e-168,1.48722891291e-19,0.0678410367417,2.49827731344e-20
281,1312,0.874523728,0.105234417233,0.766549914571,4.70364091037e-170,9.45284427701e-20,0.0638113023564,5.36561550904e-20
282,1314,0.871589994,0.113728761264,0.755412301681,1.8018214447e-171,5.99352063473e-20,0.0599597589077,1.14477923769e-19
283,1316,0.871304945,0.12274091377,0.743548246686,6.80900482594e-173,3.79084758839e-20,0.05628326521,2.42631526741e-19
284,1318,0.868885176,0.132286318515,0.730997248854,2.53834021671e-174,2.39180329924e-20,0.0527783523861,5.10853071492e-19
285,1320,0.868338081,0.142379362287,0.717800602763,9.33491391797e-176,1.50539134574e-20,0.0494412576541,1.06848413478e-18
286,1322,0.868051643,0.153033211166,0.704001172636,3.38660934452e-177,9.45166210073e-21,0.0462679574769,2.22005348881e-18
287,1324,0.868513809,0.164259642827,0.689643161351,1.2120322769e-178,5.91972833642e-21,0.0432541999196,4.5822849215e-18
288,1326,0.865884365,0.17606887602,0.674771875832,4.27915055389e-180,3.6985388447e-21,0.0403955360717,9.39558946412e-18
289,1328,0.861655345,0.188469398431,0.65943349058,1.49037393248e-181,2.30511931345e-21,0.0376873504096,1.91376790071e-17
290,1330,0.857174741,0.201467794306,0.643674811036,5.12067512367e-183,1.43314935419e-21,0.035124889987,3.87237841683e-17
291,1332,0.853203117,0.215068573244,0.627543038465,1.73561541567e-184,8.8884147793e-22,0.0327032923613,7.78376305136e-17
292,1334,0.849359529,0.22927400172,0.611085537983,5.80328731434e-186,5.49910473212e-22,0.0304176121722,1.55426373589e-16
293,1336,0.846040242,0.244083938935,0.594349611299,1.91420719519e-187,3.39386440462e-22,0.0282628463105,3.08306806346e-16
294,1338,0.844698914,0.259495678684,0.577382275655,6.22871004392e-189,2.08944912172e-22,0.026233957623,6.07525906475e-16
295,1340,0.840906571,0.27550379897,0.560230050354,1.99940872211e-190,1.28322830854e-22,0.0243258971185,1.18924075189e-15
296,1342,0.835296295,0.292100021139,0.542938752199,6.33139411912e-192,7.86159887157e-23,0.0225336246481,2.31258686549e-15
297,1344,0.828597333,0.309273080321,0.525553300995,1.97784117019e-193,4.80454922539e-23,0.0208521280488,4.46734628262e-15
298,1346,0.823026187,0.327008608967,0.508117536226,6.09505705343e-195,2.92906649914e-23,0.0192764407491,8.5728351372e-15
299,1348,0.813215794,0.345289035268,0.490674045818,1.85292753796e-196,1.78131462538e-23,0.0178016578455,1.63426551754e-14
300,1350,0.799583837,0.364093498152,0.473264007835,5.55691040287e-198,1.08065446788e-23,0.0164229506712,3.094881706e-14
301,1352,0.786743952,0.383397780568,0.455927045766,1.6440031725e-199,6.53985155725e-24,0.0151355798829,5.82222227617e-14
302,1354,0.773664778,0.4031742626,0.438701097983,4.7980658739e-201,3.94806001489e-24,0.0139349071041,1.08806991038e-13
303,1356,0.76071235,0.423391895914,0.421622301759,1.38141465591e-202,2.37757605671e-24,0.0128164051672,2.01998484178e-13
304,1358,0.752725678,0.444016200861,0.404724892145,3.92352306903e-204,1.42830155494e-24,0.011775667005,3.72531251709e-13
305,1360,0.750150268,0.46500928745,0.388041115843,1.09931628051e-205,8.55933879884e-25,0.0108084132449,6.82496775716e-13
306,1362,0.749585408,0.486329901186,0.371601160105,3.03852915086e-207,5.11676348649e-25,0.00991049856725,1.24211494591e-12
307,1364,0.751554075,0.507933494624,0.355433096549,8.28511331804e-209,3.05130265151e-25,0.00907791688962,2.24567168015e-12
308,1366,0.757375345,0.529772325233,0.339562839671,2.22857778199e-210,1.81513966659e-25,0.00830680544368,4.03323965038e-12
309,1368,0.765106519,0.551795579978,0.32401411972,5.91359309745e-212,1.07713373153e-25,0.00759344781226,7.19589943071e-12
310,1370,0.771508033,0.573949526737,0.308808469516,1.54799437494e-213,6.37623071525e-26,0.00693427599658,1.27537950356e-11
311,1372,0.774784336,0.596177692464,0.293965224651,3.99743689268e-215,3.76524497216e-26,0.00632587158365,2.24552074996e-11
312,1374,0.776372982,0.618421067712,0.279501536489,1.01832909541e-216,2.21797817928e-26,0.00576496608432,3.92751636266e-11
313,1376,0.777707617,0.640618336857,0.265432397263,2.55911019406e-218,1.30333518237e-26,0.00524844051196,6.82405038433e-11
314,1378,0.774604849,0.662706133109,0.2517706765,6.34430596264e-220,7.6399371543e-27,0.00477332427087,1.17784932542e-10
315,1380,0.775210305,0.684619317103,0.238527167989,1.55157777405e-221,4.46743529564e-27,0.00433679342196,2.01957758339e-10
316,1382,0.780717171,0.706291277594,0.225710646407,3.74332279165e-223,2.60592296858e-27,0.00393616839175,3.43996985411e-10
317,1384,0.791459116,0.727654252514,0.21332793273,8.90913018932e-225,1.51635083281e-27,0.00356891118829,5.82065720225e-10
318,1386,0.802772851,0.748639668387,0.201383967508,2.09173965735e-226,8.80182302602e-28,0.00323262218532,9.78391566385e-10
319,1388,0.818598421,0.769178495876,0.189881891063,4.84478214975e-228,5.09659809894e-28,0.00292503653332,1.63371640152e-09
320,1390,0.833324737,0.789201618975,0.178823129684,1.10696827527e-229,2.94389937466e-28,0.00264402025314,2.70996654163e-09
321,1392,0.847786776,0.808640215185,0.168207486876,2.49511400497e-231,1.69629097874e-28,0.00238756606469,4.46554509994e-09
322,1394,0.85806072,0.827426143823,0.158033238745,5.54804418721e-233,9.75017837984e-29,0.0021537890004,7.30984758999e-09
323,1396,0.868072555,0.845492339439,0.148297232617,1.21698080108e-234,5.59061502906e-29,0.00194092184937,1.18868136779e-08
324,1398,0.875761627,0.862773207233,0.138994988004,2.63343037526e-236,3.19772735291e-29,0.00174731047528,1.92019741096e-08
325,1400,0.886582571,0.879205017214,0.130120799093,5.62152637278e-238,1.82455976529e-29,0.00157140904748,3.08141076469e-08
326,1402,0.895922618,0.894726293834,0.121667837939,1.18380716007e-239,1.03850734673e-29,0.00141177522161,4.91220635015e-08
327,1404,0.907692308,0.909278197774,0.113628257604,2.45924598195e-241,5.89652128313e-30,0.00126706530265,7.77905604017e-08
328,1406,0.918816568,0.922804896571,0.105993294547,5.03984612256e-243,3.33977327651e-30,0.00113602942033,1.22377193514e-07
329,1408,0.931597633,0.935253920845,0.0987533695789,1.01888901745e-244,1.88700442219e-30,0.00101750674348,1.91248205818e-07
330,1410,0.941065089,0.946576502932,0.0918981868021,2.03203312596e-246,1.06356409674e-30,0.000910420757164,2.96905020257e-07
331,1412,0.953017751,0.956727894882,0.0854168299779,3.99787291031e-248,5.97983548736e-31,0.000813774623396,4.57889836206e-07
332,1414,0.964023669,0.965667662923,0.0792978558275,7.7592810498e-250,3.35389623369e-31,0.000726646643559,7.01500132438e-07
333,1416,0.97443787,0.973359955667,0.0735293838413,1.48562185476e-251,1.87648382478e-31,0.000648185838127,1.06762270743e-06
334,1418,0.98295858,0.979773743591,0.0680991822204,2.80601103479e-253,1.04730902543e-31,0.000577607656752,1.61410260486e-06
335,1420,0.989704142,0.984883027532,0.0629947496356,5.22835138365e-255,5.83095493418e-32,0.000514189829574,2.4241961973e-06
336,1422,0.994556213,0.988667014255,0.0582033925439,9.61024498527e-257,3.23846599586e-32,0.000457268368472,3.6168265667e-06
337,1424,0.995029586,0.991110257423,0.0537122978577,1.74260296333e-258,1.7942122412e-32,0.00040623372502,5.3605690386e-06
338,1426,0.993491124,0.992202762637,0.0495086008155,3.11714306855e-260,9.91615044497e-33,0.000360527110114,7.89255095467e-06
339,1428,0.990414201,0.991940055541,0.0455794479521,5.50059058686e-262,5.4669766199e-33,0.000319636978614,1.15437572705e-05
340,1430,0.987810651,0.990323212351,0.0419120551119,9.57538412291e-264,3.00667262682e-33,0.000283095680847,1.67725953471e-05
341,1432,0.982721893,0.987358852513,0.0384937604958,1.64436182904e-265,1.64952874693e-33,0.000250476281507,2.42089884721e-05
342,1434,0.980118343,0.983059093552,0.0353120727714,2.78569052367e-267,9.02751982975e-34,0.000221389545282,3.47117339956e-05
343,1436,0.976804734,0.977441468555,0.0323547143119,4.65546048663e-269,4.92846675386e-34,0.000195481087513,4.9442368325e-05
344,1438,0.972781065,0.97052880707,0.029609659666,7.67514733543e-271,2.68404646053e-34,0.000172428687269,6.99593093383e-05
345,1440,0.963786982,0.962349080551,0.0270651693879,1.2482601194e-272,1.45815282882e-34,0.000151939759427,9.83365691588e-05
346,1442,0.954201183,0.952935213814,0.0247098193842,2.00270862393e-274,7.90225205299e-35,0.000133748981702,0.000137311806953
347,1444,0.942721893,0.942324864283,0.0225325259577,3.16974801506e-276,4.27202247577e-35,0.000117616071974,0.000190468869232
348,1446,0.929529012,0.930560171097,0.0205225667448,4.94909747194e-278,2.30383301457e-35,0.000103323710838,0.000262460176098
349,1448,0.915807418,0.917687476419,0.0186695977618,7.62292372306e-280,1.23937657617e-35,9.06756039025e-05,0.000359274273148
350,1450,0.904934795,0.903757021519,0.0169636667863,1.1582743503e-281,6.65105268249e-36,7.94946781252e-05,0.000488553483377
351,1452,0.89466402,0.888822620424,0.0153952233078,1.73618341072e-283,3.56051081728e-36,6.96214062191e-05,0.000659965753513
352,1454,0.880509611,0.872941314097,0.01395512529,2.56728488234e-285,1.90138055833e-36,6.09122530781e-05,0.00088563338017
353,1456,0.865607472,0.856173008246,0.0126346429904,3.74495689087e-287,1.01288608764e-36,5.32382380724e-05,0.00118061920961
354,1458,0.850901094,0.838580097983,0.0114254600819,5.38907068842e-289,5.38253646516e-37,4.64836070602e-05,0.00156346802807
355,1460,0.833853681,0.820227082604,0.0103196723214,7.65024310054e-291,2.85330484053e-37,4.05446079957e-05,0.00205679711825
356,1462,0.815526066,0.801180173804,0.00930978400696,1.0713488052e-292,1.50884345477e-37,3.53283640885e-05,0.00268792531084
357,1464,0.801580547,0.781506900649,0.00838870245876,1.48006517977e-294,7.9593025062e-38,3.07518385843e-05,0.00348952432194
358,1466,0.788361478,0.761275714551,0.00754973075213,2.01708914141e-296,4.18832772403e-38,2.67408853795e-05,0.00450026982442
359,1468,0.774569579,0.740555597464,0.00678655892393,2.71183736004e-298,2.19857416192e-38,2.32293798531e-05,0.00576546272803
360,1470,0.761974401,0.719415676383,0.00609325386219,3.59663599027e-300,1.15126791302e-38,2.01584244901e-05,0.00733758381752
361,1472,0.746460843,0.697924847092,0.00546424807973,4.70569343149e-302,6.01376563693e-39,1.74756240751e-05,0.0092767376076
362,1474,0.73201562,0.676151409951,0.00489432756054,6.07358442406e-304,3.13365669071e-39,1.51344254596e-05,0.0116509345191
363,1476,0.717120252,0.654162720329,0.00437861885595,7.73322797366e-306,1.62888772037e-39,1.30935171306e-05,0.0145361548672
364,1478,0.703882803,0.632024856045,0.00391257559565,9.71339057392e-308,8.44628440376e-40,1.13162840456e-05,0.0180161343692
365,1480,0.691483013,0.609802303978,0.00349196456579,1.20358062757e-309,4.3689298372e-40,9.77031343823e-06,0.022181809665
366,1482,0.681682785,0.587557667749,0.00311285149406,1.47120713974e-311,2.25433917034e-40,8.42694753392e-06,0.0271303644472
367,1484,0.671888185,0.565351398112,0.00277158666909,1.77405368094e-313,1.16037472854e-40,7.26087935732e-06,0.0329638229036
368,1486,0.664915839,0.543241547414,0.00246479050925,2.11034756788e-315,5.95815893904e-41,6.24978804315e-06,0.0397871478621
369,1488,0.657133372,0.521283549243,0.00218933918384,2.47648379309e-317,3.05183271498e-41,5.37401029425e-06,0.0477058166524
370,1490,0.647962129,0.499530024058,0.00194235037813,2.86691472312e-319,1.55935207305e-41,4.61624485266e-06,0.0568228683631
371,1492,0.642538922,0.478030611363,0.00172116928228,3.27565523193e-321,7.94808416557e-42,3.96128706635e-06,0.0672354416303
372,1494,0.634670309,0.456831828688,0.00152335487387,3.95252516673e-323,4.04124844475e-42,3.39579084186e-06,0.0790308516791
373,1496,0.625527341,0.435976957394,0.00134666655324,0.0,2.04976211171e-42,2.90805547297e-06,0.0922822879935
374,1498,0.61700271,0.415505955067,0.00118905118166,0.0,1.03711326662e-42,2.48783502564e-06,0.107044248179
375,1500,0.610962823,0.395455394013,0.00104863056338,0.0,5.23460283318e-43,2.12616814054e-06,0.12334785741
376,1502,0.603785698,0.375858425167,0.00092368940422,0.0,2.63557937172e-43,1.81522628544e-06,0.14119625406
377,1504,0.598736438,0.356744766503,0.000812663772147,0.0,1.32374179512e-43,1.54817865141e-06,0.160560248319
378,1506,0.595346769,0.33814071486,0.000714130078022,0.0,6.63231707298e-44,1.31907203868e-06,0.181374479212
379,1508,0.591379864,0.320069179932,0.000626794588699,0.0,3.31483638638e-44,1.1227242198e-06,0.20353430422
380,1510,0.589275931,0.30254973902,0.000549483478927,0.0,1.65269887687e-44,9.54629401038e-07,0.226893652568
381,1512,0.58508334,0.285598711028,0.000481133423513,0.0,8.2197798164e-45,8.10874526428e-07,0.251264056722
382,1514,0.581589305,0.269229248094,0.000420782726841,0.0,4.07813364685e-45,6.88065283534e-07,0.276415046059
383,1516,0.579199851,0.253451443147,0.000367562982946,0.0,2.01835493948e-45,5.83260776734e-07,0.302076042067
384,1518,0.57919279,0.238272451656,0.000320691256077,0.0,9.96479680176e-46,4.93915931697e-07,0.327939837106
385,1520,0.580807551,0.223696625784,0.00027946276884,0.0,4.90765664118e-46,4.17830785355e-07,0.353667670646
386,1522,0.587062425,0.209725659153,0.000243244082704,0.0,2.41109715659e-46,3.53105898757e-07,0.378895841375
387,1524,0.59458793,0.196358740446,0.000211466753712,0.0,1.18165329214e-46,2.98103206387e-07,0.403243714302
388,1526,0.60401955,0.183592714068,0.000183621444764,0.0,5.77697177057e-47,2.51411685226e-07,0.426322903786
389,1528,0.616744955,0.171422246175,0.000159252474642,0.0,2.81737877909e-47,2.11817290407e-07,0.447747340993
390,1530,0.6294605,0.159839994392,0.000137952783161,0.0,1.37064520327e-47,1.78276662216e-07,0.467143872564
391,1532,0.639506376,0.148836779652,0.000119359291266,0.0,6.65180761069e-48,1.49894161768e-07,0.484162990776
392,1534,0.646654266,0.138401758647,0.000103148634647,0.0,3.22024657141e-48,1.25901840366e-07,0.498489267835
393,1536,0.647322526,0.128522595492,8.90332493515e-05,0.0,1.55515396157e-48,1.05641990665e-07,0.509851060992
394,1538,0.640820776,0.119185631291,7.67577880787e-05,0.0,7.49190864815e-49,8.85519667234e-08,0.518029072113
395,1540,0.629121111,0.110376050426,6.60958461033e-05,0.0,3.60036368946e-49,7.41509950699e-08,0.522863385228
396,1542,0.616965606,0.102078042477,5.68469762759e-05,0.0,1.72597734396e-49,6.20287304936e-08,0.524258666625
397,1544,0.604701927,0.0942749588235,4.88339731092e-05,0.0,8.25388903427e-50,5.183533855e-08,0.522187291301
398,1546,0.596348167,0.0869494630795,4.19004066423e-05,0.0,3.93746747016e-50,4.32729121605e-08,0.516690252524
399,1548,0.589825555,0.0800836746447,3.59083875293e-05,0.0,1.87374354386e-50,3.60880523501e-08,0.507875812692
400,1550,0.582172852,0.0736593047659,3.0736545612e-05,0.0,8.89483994575e-51,3.00654634141e-08,0.4959159575
401,1552,0.573502933,0.0676577846218,2.62782050917e-05,0.0,4.2121220209e-51,2.50224308402e-08,0.481040815644
402,1554,0.564566255,0.0620603850516,2.24397402993e-05,0.0,1.98975024774e-51,2.08040663457e-08,0.463531296993
403,1556,0.553085961,0.0568483276589,1.91390969613e-05,0.0,9.37628951652e-52,1.72792186351e-08,0.443710278084
404,1558,0.541998684,0.0520028871209,1.63044647618e-05,0.0,4.40756035336e-52,1.43369610952e-08,0.421932721005
405,1560,0.531796929,0.0475054846263,1.38730878994e-05,0.0,2.06680900276e-52,1.18835788142e-08,0.398575147102
406,1562,0.52063762,0.0433377724555,1.17902012179e-05,0.0,9.66801329674e-53,9.8399871694e-09,0.374024899505
407,1564,0.509665031,0.0394817097942,1.00080803582e-05,0.0,4.51137523472e-53,8.13952292382e-09,0.348669618013
408,1566,0.500312916,0.035919629945,8.48519521043e-06,0.0,2.09998155878e-53,6.72605642532e-09,0.322887318386
409,1568,0.492287087,0.0326342991652,7.18545675773e-06,0.0,9.751172257e-54,5.55238023009e-09,0.297037418259
410,1570,0.484223503,0.0296089674156,6.0775481706e-06,0.0,4.51682218184e-54,4.57883537336e-09,0.271452987714
411,1572,0.480115241,0.0268274113529,5.13433175251e-06,0.0,2.08710345235e-54,3.77214168205e-09,0.246434428615
412,1574,0.475347734,0.0242739699398,4.33232403242e-06,0.0,9.62032573324e-55,3.10440304659e-09,0.222244708019
413,1576,0.470028578,0.0219335730773,3.65123196096e-06,0.0,4.42354444585e-55,2.5522625183e-09,0.1991061921
414,1578,0.463603073,0.0197917636934,3.0735437857e-06,0.0,2.02901767925e-55,2.09618554319e-09,0.177199052665
415,1580,0.46207422,0.0178347137363,2.58416876126e-06,0.0,9.28402037174e-56,1.71985264036e-09,0.15666115211
416,1582,0.457318607,0.0160492345361,2.17012039031e-06,0.0,4.23761167097e-56,1.40964543967e-09,0.137589257689
417,1584,0.45417599,0.0144227820035,1.82023839378e-06,0.0,1.9294833932e-56,1.15421225482e-09,0.120041394044
418,1586,0.453169493,0.0129434571362,1.52494507335e-06,0.0,8.7638664665e-57,9.4410132841e-10,0.104040115123
419,1588,0.450089673,0.0116000022966,1.27603215813e-06,0.0,3.97086640518e-57,7.7145158117e-10,0.0895764628149
420,1590,0.445173496,0.0103817937199,1.06647462195e-06,0.0,1.79477337412e-57,6.29732163625e-10,0.0766143789094
421,1592,0.443122678,0.00927883069657,8.9026831893e-07,0.0,8.09224043142e-58,5.13523372284e-10,0.0650953479206
422,1594,0.440607927,0.00828172185687,7.422886158e-07,0.0,3.63967625331e-58,4.18332581954e-10,0.0549430685612
423,1596,0.43567219,0.00738166896979,6.18167500501e-07,0.0,1.63302017516e-58,3.40439782682e-10,0.046067979052
424,1598,0.43386938,0.00657044864419,5.14186920449e-07,0.0,7.30895289675e-59,2.76768114674e-10,0.03837149335
425,1600,0.434509886,0.00584039229991,4.27186352018e-07,0.0,3.2632743964e-59,2.24775484948e-10,0.0317498394455
426,1602,0.433264599,0.00518436475121,3.54482827225e-07,0.0,1.45340564166e-59,1.82363940769e-10,0.0260974249063
427,1604,0.434857388,0.00459574172074,2.93801845922e-07,0.0,6.4573586372e-60,1.4780398071e-10,0.0213096870063
428,1606,0.440075313,0.00406838657626,2.43217783865e-07,0.0,2.86192198594e-60,1.19671416141e-10,0.017285413628
429,1608,0.443394055,0.00359662655707,2.01102570366e-07,0.0,1.26530578084e-60,9.67947643885e-11,0.0139285456851
430,1610,0.444888532,0.0031752287313,1.66081555472e-07,0.0,5.5804344501e-61,7.82114686181e-11,0.0111494915006
431,1612,0.449038005,0.00279937590028,1.36995617241e-07,0.0,2.45513483106e-61,6.3131506365e-11,0.00886599821944
432,1614,0.450614877,0.00246464264182,1.12868676064e-07,0.0,1.07750055358e-61,5.0907175352e-11,0.0070036350881
433,1616,0.448840355,0.00216697166034,9.28798864719e-08,0.0,4.71731061788e-62,4.10080374847e-11,0.00549594871067
434,1618,0.449035893,0.00190265058971,7.63398686819e-08,0.0,2.06018520283e-62,3.30001647837e-11,0.00428435178858
435,1620,0.449652557,0.00166828937288,6.26704234066e-08,0.0,8.97538053854e-63,2.6528968763e-11,0.0033178050756
436,1622,0.44869478,0.00146079832244,5.13872452451e-08,0.0,3.90062586188e-63,2.13050111306e-11,0.00255234808219
437,1624,0.45229084,0.00127736694771,4.20852132664e-08,0.0,1.6910269872e-63,1.70922918468e-11,0.00195052817462
438,1626,0.460413867,0.00111544361622,3.44258930708e-08,0.0,7.31310146364e-64,1.3698593272e-11,0.00148077081101
439,1628,0.472539126,0.000972716101941,2.81269334921e-08,0.0,3.15491364953e-64,1.09675287055e-11,0.00111672632301
440,1630,0.48348866,0.000847093057997,2.29530839285e-08,0.0,1.3577136141e-64,8.77200207213e-12,0.000836621368135
441,1632,0.497932096,0.00073668643859,1.870859574e-08,0.0,5.82859240742e-65,7.008834557e-12,0.000622636309492
442,1634,0.51416328,0.000639794883241,1.52308038265e-08,0.0,2.49605423369e-65,5.59435508981e-12,0.000460323583086
443,1636,0.529042139,0.000554888066227,1.23847129691e-08,0.0,1.0662994033e-65,4.46078597092e-12,0.000338076744697
444,1638,0.543367288,0.000480592005068,1.00584382637e-08,0.0,4.54400847472e-66,3.5532836769e-12,0.000246655419408
445,1640,0.565372306,0.000415675314198,8.15937044821e-09,0.0,1.93167436713e-66,2.82751887435e-12,0.000178767808946
446,1642,0.583227297,0.00035903638337,6.6109555242e-09,0.0,8.19150156825e-67,2.2476996689e-12,0.000128709695745
447,1644,0.60228661,0.000309691454822,5.34999415114e-09,0.0,3.46519706829e-67,1.78495876507e-12,9.20569329072e-05
448,1646,0.628888163,0.000266763568765,4.32438016507e-09,0.0,1.46226867158e-67,1.41603905366e-12,6.54071204899e-05
449,1648,0.659373503,0.000229472343117,3.49120952464e-09,0.0,6.15547016224e-68,1.12222363662e-12,4.61654262597e-05
450,1650,0.682058342,0.00019712455071,2.81520126152e-09,0.0,2.58481879608e-68,8.88465829522e-13,3.2369199623e-05
451,1652,0.707652503,0.000169105455139,2.26738083141e-09,0.0,1.08276396405e-68,7.02682575465e-13,2.25460446727e-05
452,1654,0.734294574,0.000144870865146,1.82398381663e-09,0.0,4.52451780273e-69,5.55181232308e-13,1.56002679037e-05
453,1656,0.75285705,0.000123939866653,1.46554439315e-09,0.0,1.88601710438e-69,4.38195088892e-13,1.07230181508e-05
454,1658,0.767986027,0.000105888191356,1.17613849185e-09,0.0,7.84248633099e-70,3.45507415074e-13,7.32192568843e-06
455,1660,0.793408865,9.03421810106e-05,9.42756284922e-10,0.0,3.25309489002e-70,2.72147516877e-13,4.96657369168e-06
456,1662,0.818408213,7.6973307161e-05,7.5478262949e-10,0.0,1.34609127785e-70,2.14145285172e-13,3.34666114661e-06
457,1664,0.843208775,6.54932069689e-05,6.0356749775e-10,0.0,5.5563181694e-71,1.6833320608e-13,2.24021598065e-06
458,1666,0.867444708,5.56491970061e-05,4.82071304389e-10,0.0,2.28788673724e-71,1.32186836871e-13,1.48967432054e-06
459,1668,0.888946759,4.72202282633e-05,3.84572480903e-10,0.0,9.39759560252e-72,1.03696419935e-13,9.84047501176e-07
460,1670,0.9081771,4.00132471943e-05,3.06426707573e-10,0.0,3.85064783868e-72,8.12636738631e-14,6.45749510387e-07
461,1672,0.925450331,3.38599292981e-05,2.43868952869e-10,0.0,1.57393092709e-72,6.36189181213e-14,4.20954735473e-07
462,1674,0.939996863,2.86137535092e-05,1.93850934838e-10,0.0,6.41759570549e-73,4.97546004982e-14,2.72602606752e-07
463,1676,0.952734394,2.41473874888e-05,1.53907850771e-10,0.0,2.61032063499e-73,3.8872041051e-14,1.75367011329e-07
464,1678,0.958907439,2.03503557503e-05,1.22049255633e-10,0.0,1.05913221222e-73,3.03388128627e-14,1.12069926726e-07
465,1680,0.956365894,1.71269643982e-05,9.66698365184e-11,0.0,4.28687988102e-74,2.36546735439e-14,7.11465043163e-08
466,1682,0.950528639,1.43944580752e-05,7.64765558111e-11,0.0,1.73088123759e-74,1.84243625759e-14,4.48684778192e-08
467,1684,0.952319779,1.20813864988e-05,6.04292418002e-11,0.0,6.97152908493e-75,1.43359052385e-14,2.81094531644e-08
468,1686,0.94591427,1.01261596933e-05,4.76922110575e-11,0.0,2.80106788683e-75,1.11433278665e-14,1.74939044055e-08
469,1688,0.960268713,8.47577268863e-06,3.75949279487e-11,0.0,1.1226749778e-75,8.65290295935e-15,1.08154449765e-08
470,1690,0.976692585,7.08468204981e-06,2.96000567751e-11,0.0,4.48868645015e-76,6.71221555343e-15,6.6424046129e-09
471,1692,1.041429894,5.91381811188e-06,2.32775527203e-11,0.0,1.79027321293e-76,5.20148192409e-15,4.05256091928e-09
472,1694,1.100316097,4.9297182253e-06,1.82836787262e-11,0.0,7.12285617711e-77,4.02666434874e-15,2.45616234321e-09
473,1696,1.26411111,4.10376766002e-06,1.43440348447e-11,0.0,2.82698728181e-77,3.1140164522e-15,1.47879466969e-09
474,1698,1.325964744,3.41153607295e-06,1.12398513936e-11,0.0,1.11925321811e-77,2.40576672158e-15,8.84467695933e-10
475,1700,1.427450792,2.83219861309e-06,8.79693321071e-12,0.0,4.42046205056e-78,1.85670651216e-15,5.25508040885e-10
